{
  "training_date": "2025-12-22T13:23:30.390272",
  "readmission_metrics": {
    "auc": 0.6445961365228705,
    "precision": 0.6177024482109228,
    "recall": 0.6368932038834951,
    "f1": 0.627151051625239,
    "best_params": {
      "max_depth": 3,
      "learning_rate": 0.01,
      "n_estimators": 210,
      "min_child_weight": 1,
      "subsample": 0.6,
      "colsample_bytree": 1.0,
      "objective": "binary:logistic",
      "eval_metric": "auc",
      "random_state": 42,
      "tree_method": "hist"
    }
  },
  "progression_metrics": {
    "precision": 0.9447939043353325,
    "recall": 0.9639449015328059,
    "f1": 0.9537874841574271,
    "classes": [
      "high",
      "low",
      "medium"
    ]
  },
  "feature_count": 190,
  "model_version": "1.0.0"
}